44,ERROR,2017-11-10 11:29:47,: Exception during JSON request handling.
195,ERROR,2017-11-10 11:33:37,": Exception happened during processing of request from ('127.0.0.1', 60309)"
205,ERROR,2017-11-10 11:33:37,": Exception happened during processing of request from ('127.0.0.1', 60414)"
216,ERROR,2017-11-10 11:33:37,": Exception happened during processing of request from ('127.0.0.1', 60415)"
443,ERROR,2017-11-10 12:07:44,": Exception happened during processing of request from ('127.0.0.1', 54278)"
474,ERROR,2017-11-10 12:14:41,: Error on request:
540,ERROR,2017-11-10 12:15:42,": Exception happened during processing of request from ('127.0.0.1', 56626)"
550,ERROR,2017-11-10 12:15:54,": Exception happened during processing of request from ('127.0.0.1', 56721)"
621,ERROR,2017-11-10 12:16:55,": Exception happened during processing of request from ('127.0.0.1', 57052)"
631,ERROR,2017-11-10 12:17:28,": Exception happened during processing of request from ('127.0.0.1', 57252)"
691,ERROR,2017-11-10 12:19:03,": Exception happened during processing of request from ('127.0.0.1', 57778)"
759,ERROR,2017-11-10 12:24:00,": Exception happened during processing of request from ('127.0.0.1', 59336)"
827,ERROR,2017-11-10 12:27:53,": Exception happened during processing of request from ('127.0.0.1', 60481)"
883,ERROR,2017-11-10 12:28:44,": Exception happened during processing of request from ('127.0.0.1', 60740)"
893,ERROR,2017-11-10 12:28:51,": Exception happened during processing of request from ('127.0.0.1', 60810)"
1101,ERROR,2017-11-10 15:27:46,": Exception happened during processing of request from ('127.0.0.1', 61475)"
1305,ERROR,2017-11-10 15:37:03,": Exception happened during processing of request from ('127.0.0.1', 64824)"
1315,ERROR,2017-11-10 15:37:06,": Exception happened during processing of request from ('127.0.0.1', 64884)"
1435,ERROR,2017-11-10 15:47:21,": Exception happened during processing of request from ('127.0.0.1', 52710)"
1497,ERROR,2017-11-10 16:03:49,": Exception happened during processing of request from ('127.0.0.1', 58741)"
1560,ERROR,2017-11-10 17:00:57,: Connection to the database failed
1566,CRITICAL,2017-11-10 17:00:57,: Failed to initialize database `pg`.
1586,ERROR,2017-11-10 17:01:54,": Bus.loop error, sleep and retry"
1607,ERROR,2017-11-10 17:02:00,": FATAL:  password authentication failed for user ""openpg"""
4354,WARNING,2017-11-10 17:29:12,: module some_product_blog_v2: module not found
4355,WARNING,2017-11-10 17:29:12,": module some_product_blog_v2: not installable, skipped"
4356,WARNING,2017-11-10 17:29:12,: module profile_management: module not found
4357,WARNING,2017-11-10 17:29:12,": module profile_management: not installable, skipped"
4358,WARNING,2017-11-10 17:29:12,: module web_tree_image: module not found
4359,WARNING,2017-11-10 17:29:12,": module web_tree_image: not installable, skipped"
4360,WARNING,2017-11-10 17:29:12,: module web_ckeditor4: module not found
4361,WARNING,2017-11-10 17:29:12,": module web_ckeditor4: not installable, skipped"
4362,WARNING,2017-11-10 17:29:12,: module some_product_website_management: module not found
4363,WARNING,2017-11-10 17:29:12,": module some_product_website_management: not installable, skipped"
4364,WARNING,2017-11-10 17:29:12,: module some_product_uys: module not found
4365,WARNING,2017-11-10 17:29:12,": module some_product_uys: not installable, skipped"
4366,WARNING,2017-11-10 17:29:12,: module some_product_faq: module not found
4367,WARNING,2017-11-10 17:29:12,": module some_product_faq: not installable, skipped"
4368,WARNING,2017-11-10 17:29:12,: module some_product_shop: module not found
4369,WARNING,2017-11-10 17:29:12,": module some_product_shop: not installable, skipped"
4370,WARNING,2017-11-10 17:29:12,: module flixo_online: module not found
4371,WARNING,2017-11-10 17:29:12,": module flixo_online: not installable, skipped"
4372,WARNING,2017-11-10 17:29:12,: module super_mail: module not found
4373,WARNING,2017-11-10 17:29:12,": module super_mail: not installable, skipped"
4374,WARNING,2017-11-10 17:29:12,: module internal_thread: module not found
4375,WARNING,2017-11-10 17:29:12,": module internal_thread: not installable, skipped"
4376,WARNING,2017-11-10 17:29:12,: Some modules were not loaded.
4381,WARNING,2017-11-10 17:29:15,: Field external.mail.messages.dialogue_id with unknown comodel_name 'external.mail.dialogue'
4407,ERROR,2017-11-10 17:30:34,: General failure when trying to fetch mail from pop server info@some_product.de.
4426,ERROR,2017-11-10 17:30:55,: General failure when trying to fetch mail from pop server catchall@some_product.de.
4908,WARNING,2017-11-10 20:29:17,: module fetchmail: module not found
4909,WARNING,2017-11-10 20:29:17,": module fetchmail: not installable, skipped"
4922,ERROR,2017-11-10 20:29:17,: module event_sale: Unmet dependencies: sale_crm
4923,ERROR,2017-11-10 20:29:17,: module hr_applicant_document: Unmet dependencies: hr_recruitment
4924,ERROR,2017-11-10 20:29:17,: module gamification_sale_crm: Unmet dependencies: sale_crm
4925,ERROR,2017-11-10 20:29:17,: module crm_mass_mailing: Unmet dependencies: crm
4926,ERROR,2017-11-10 20:29:17,: module external_email_service: Unmet dependencies: crm
4927,ERROR,2017-11-10 20:29:17,: module website_crm: Unmet dependencies: crm
4928,ERROR,2017-11-10 20:29:17,: module portal_claim: Unmet dependencies: crm_claim
4929,ERROR,2017-11-10 20:29:17,: module survey_crm: Unmet dependencies: crm
4930,ERROR,2017-11-10 20:29:17,: module hr_recruitment: Unmet dependencies: fetchmail
4931,ERROR,2017-11-10 20:29:17,: module marketing_campaign_crm_demo: Unmet dependencies: crm
4932,ERROR,2017-11-10 20:29:17,: module crm_claim: Unmet dependencies: crm
4933,ERROR,2017-11-10 20:29:17,: module web_linkedin: Unmet dependencies: crm
4934,ERROR,2017-11-10 20:29:17,: module marketing_crm: Unmet dependencies: crm
4935,ERROR,2017-11-10 20:29:17,: module crm_helpdesk: Unmet dependencies: crm
4936,ERROR,2017-11-10 20:29:17,: module crm_profiling: Unmet dependencies: crm
4937,ERROR,2017-11-10 20:29:17,: module sale_crm: Unmet dependencies: crm
4938,ERROR,2017-11-10 20:29:17,: module website_event_sale: Unmet dependencies: event_sale
4939,ERROR,2017-11-10 20:29:17,: module crm: Unmet dependencies: fetchmail
5268,ERROR,2017-11-10 20:43:17,: Missing model home.content
5269,ERROR,2017-11-10 20:43:17,: Missing model product.type
5270,ERROR,2017-11-10 20:43:17,: Missing model product.material
5271,ERROR,2017-11-10 20:43:17,: Missing model further.processing
5272,ERROR,2017-11-10 20:43:17,: Missing model employee.commission
5273,ERROR,2017-11-10 20:43:17,: Missing model forum.categories
5274,ERROR,2017-11-10 20:43:17,: Missing model competitors.products
5275,ERROR,2017-11-10 20:43:17,: Missing model product.weight.category
5276,ERROR,2017-11-10 20:43:17,: Missing model product.faq
5277,ERROR,2017-11-10 20:43:17,: Missing model basket.questions.faq
5278,ERROR,2017-11-10 20:43:17,: Missing model delivery.address.questions.faq
5279,ERROR,2017-11-10 20:43:17,: Missing model confirmation.page.questions.faq
5280,ERROR,2017-11-10 20:43:17,: Missing model commercial.proposal.questions.faq
5281,ERROR,2017-11-10 20:43:17,: Missing model billing.information.questions.faq
5282,ERROR,2017-11-10 20:43:17,: Missing model order.confirmation.questions.faq
5283,ERROR,2017-11-10 20:43:17,: Missing model personal.profile.questions.faq
5284,ERROR,2017-11-10 20:43:17,: Missing model settings.page.questions.faq
5285,ERROR,2017-11-10 20:43:17,: Missing model price.quotation.questions.faq
5286,ERROR,2017-11-10 20:43:17,: Missing model list.of.orders.questions.faq
5287,ERROR,2017-11-10 20:43:17,: Missing model issued.invoices.questions.faq
5288,ERROR,2017-11-10 20:43:17,: Missing model blog.article.questions.faq
5289,ERROR,2017-11-10 20:43:17,: Missing model blog.article.liked.questions.faq
5290,ERROR,2017-11-10 20:43:17,: Missing model blog.author.questions.faq
5291,ERROR,2017-11-10 20:43:17,: Missing model aboutus.content
5292,ERROR,2017-11-10 20:43:17,: Missing model legal.stuff.content
5293,ERROR,2017-11-10 20:43:17,: Missing model privacy.policy.content
5294,ERROR,2017-11-10 20:43:17,: Missing model upload.scheme.content
5295,ERROR,2017-11-10 20:43:17,: Missing model faq.content
5296,ERROR,2017-11-10 20:43:17,: Missing model flixo.online
5297,ERROR,2017-11-10 20:43:17,: Missing model order.confirmation
5298,ERROR,2017-11-10 20:43:17,: Missing model commercial.proposal
5299,ERROR,2017-11-10 20:43:17,: Missing model blog.article.create.questions.faq
5300,ERROR,2017-11-10 20:43:17,: Missing model login.faq
5301,ERROR,2017-11-10 20:43:17,: Missing model registration.faq
5302,ERROR,2017-11-10 20:43:17,: Missing model forgot.password.faq
5303,ERROR,2017-11-10 20:43:17,: Missing model login.common.content
5304,ERROR,2017-11-10 20:43:17,: Missing model uploaded.drawing.faq
5305,ERROR,2017-11-10 20:43:17,: Missing model flixo.unit
5306,ERROR,2017-11-10 20:43:17,: Missing model catalog.faq
5307,ERROR,2017-11-10 20:43:17,: Missing model flixo.material
5308,ERROR,2017-11-10 20:43:17,: Missing model flixo.online.figure
5309,ERROR,2017-11-10 20:43:17,: Missing model blog.slider
5310,ERROR,2017-11-10 20:43:17,: Missing model upload.scheme.config
5311,ERROR,2017-11-10 20:43:17,: Missing model scheme.price.config
5312,ERROR,2017-11-10 20:43:17,: Missing model promo.page
5313,ERROR,2017-11-10 20:43:18,: Missing model flixo.promo.action
5314,ERROR,2017-11-10 20:43:18,: Missing model home.page.slider
5315,ERROR,2017-11-10 20:43:18,: Missing model home.page.slider.iqub
5316,ERROR,2017-11-10 20:43:18,: Missing model flixo.u.glass
5317,ERROR,2017-11-10 20:43:18,: Missing model flixo.psy.w
5318,ERROR,2017-11-10 20:43:18,: Missing model flixo.figure.information
5319,ERROR,2017-11-10 20:43:18,: Missing model flixo.online.path.settings
5320,ERROR,2017-11-10 20:43:18,: Missing model flixo.promo.action.code
5321,ERROR,2017-11-10 20:43:18,: Missing model flixo.psy.s.window
5322,ERROR,2017-11-10 20:43:18,: Missing model flixo.svg.file
5323,ERROR,2017-11-10 20:43:18,: Missing model flixo.payment.history
5324,ERROR,2017-11-10 20:43:18,: Missing model flixo.psy.s.internal
5325,ERROR,2017-11-10 20:43:18,: Missing model flixo.svg.opt.file
5326,ERROR,2017-11-10 20:43:18,: Missing model flixo.svg.analized.file
5327,ERROR,2017-11-10 20:43:18,: Missing model flixo.user.optimization.file
5328,ERROR,2017-11-10 20:43:18,: Missing model flixo.optimized.figure.information
5329,ERROR,2017-11-10 20:43:18,: Missing model flixo.error.code
5330,ERROR,2017-11-10 20:43:18,: Missing model flixo.material.slider
5331,ERROR,2017-11-10 20:43:18,: Missing model print.pricelist
5333,ERROR,2017-11-10 20:43:20,: Cannot determine mime type.
5662,ERROR,2017-11-10 20:55:55,: module some_product_shop: Unmet dependencies: profile_management
5663,ERROR,2017-11-10 20:55:55,: module profile_management: Unmet dependencies: web_tree_image
5668,CRITICAL,2017-11-10 20:55:56,: Couldn't load module some_product_website_management
5669,CRITICAL,2017-11-10 20:55:56,: No module named requests_oauthlib
6033,CRITICAL,2017-11-10 20:58:21,: No module named profile_management
6305,ERROR,2017-11-10 20:59:45,": module some_product_shop: Unmet dependencies: profile_management, some_product_website_management"
6716,ERROR,2017-11-10 21:11:32,: 500 Internal Server Error:
6873,ERROR,2017-11-10 21:12:22,": Exception happened during processing of request from ('127.0.0.1', 54807)"
6954,ERROR,2017-11-10 21:12:30,": Exception happened during processing of request from ('127.0.0.1', 55068)"
7100,ERROR,2017-11-10 21:13:16,": Exception happened during processing of request from ('127.0.0.1', 55051)"
7110,ERROR,2017-11-10 21:13:30,": Exception happened during processing of request from ('127.0.0.1', 55162)"
7151,ERROR,2017-11-10 21:17:47,": Exception happened during processing of request from ('127.0.0.1', 56140)"
7255,ERROR,2017-11-10 21:21:29,": Exception happened during processing of request from ('127.0.0.1', 57014)"
7427,ERROR,2017-11-10 21:24:25,": Exception happened during processing of request from ('127.0.0.1', 57881)"
7575,ERROR,2017-11-10 21:25:10,": Exception happened during processing of request from ('127.0.0.1', 57823)"
7585,ERROR,2017-11-10 21:25:13,": Exception happened during processing of request from ('127.0.0.1', 57867)"
7595,ERROR,2017-11-10 21:25:41,": Exception happened during processing of request from ('127.0.0.1', 58030)"
